{
  "dataset_path": "app/modelColab/merged_retraining_dataset.csv",
  "rows_used": 35416,
  "train_rows": 28332,
  "test_rows": 7084,
  "test_size": 0.2,
  "random_state": 42,
  "accuracy": 0.9547,
  "decision_threshold": 0.55,
  "safe_predictions": 6859,
  "unsafe_predictions": 225,
  "labels": [
    "enojo",
    "feliz",
    "miedo",
    "triste"
  ],
  "classification_report": {
    "enojo": {
      "precision": 0.9467618002195389,
      "recall": 0.95146166574738,
      "f1-score": 0.9491059147180193,
      "support": 1813.0
    },
    "feliz": {
      "precision": 0.9613445378151261,
      "recall": 0.9602686066032456,
      "f1-score": 0.9608062709966405,
      "support": 1787.0
    },
    "miedo": {
      "precision": 0.9676487579433853,
      "recall": 0.9710144927536232,
      "f1-score": 0.9693287037037037,
      "support": 1725.0
    },
    "triste": {
      "precision": 0.9432989690721649,
      "recall": 0.9363274587833996,
      "f1-score": 0.9398002853067047,
      "support": 1759.0
    },
    "accuracy": 0.954686617730096,
    "macro avg": {
      "precision": 0.9547635162625538,
      "recall": 0.954768055971912,
      "f1-score": 0.9547602936812671,
      "support": 7084.0
    },
    "weighted avg": {
      "precision": 0.9546666892890928,
      "recall": 0.954686617730096,
      "f1-score": 0.9546711667699249,
      "support": 7084.0
    }
  },
  "confusion_matrix": [
    [
      1725,
      24,
      22,
      42
    ],
    [
      29,
      1716,
      8,
      34
    ],
    [
      18,
      9,
      1675,
      23
    ],
    [
      50,
      36,
      26,
      1647
    ]
  ],
  "embedding": {
    "encoder_name": "paraphrase-multilingual-MiniLM-L12-v2",
    "encoder_out": "app/modelColab/encoder_med"
  },
  "model_out": "app/modelColab/modelo_v2.pkl",
  "model": {
    "type": "LogisticRegression",
    "C": 2.0,
    "solver": "lbfgs",
    "multi_class": "multinomial",
    "max_iter": 1000
  },
  "prediction_policy": {
    "decision_threshold": 0.55,
    "definition": "A prediction is considered safe when the highest class probability is greater than or equal to the threshold.",
    "source": "MED_v2_embeddings.ipynb"
  },
  "training_signature": {
    "dataset_checksum": "27f3d149e12ed7d9a95acf83592794fa2bc71d774405e87b70598b56cfd4945b",
    "script_checksum": "3f6e7fb92f7c61faf5420fdbe0187705d3c8a79bc5cbc55b934dcb0c4a874fe2",
    "encoder_name": "paraphrase-multilingual-MiniLM-L12-v2",
    "text_col": "text",
    "label_col": "emotion",
    "test_size": 0.2,
    "random_state": 42,
    "c": 2.0
  }
}