{
  "dataset_path": "app/modelColab/merged_retraining_dataset.csv",
  "rows_used": 35416,
  "train_rows": 28332,
  "test_rows": 7084,
  "test_size": 0.2,
  "random_state": 42,
  "accuracy": 0.9547,
  "decision_threshold": 0.55,
  "safe_predictions": 6857,
  "unsafe_predictions": 227,
  "labels": [
    "enojo",
    "feliz",
    "miedo",
    "triste"
  ],
  "classification_report": {
    "enojo": {
      "precision": 0.9462129527991219,
      "recall": 0.9509100937672367,
      "f1-score": 0.9485557083906465,
      "support": 1813.0
    },
    "feliz": {
      "precision": 0.9613661814109743,
      "recall": 0.9608282036933408,
      "f1-score": 0.9610971172684019,
      "support": 1787.0
    },
    "miedo": {
      "precision": 0.9698725376593279,
      "recall": 0.9704347826086956,
      "f1-score": 0.9701535786728485,
      "support": 1725.0
    },
    "triste": {
      "precision": 0.9417142857142857,
      "recall": 0.9368959636156907,
      "f1-score": 0.939298945568538,
      "support": 1759.0
    },
    "accuracy": 0.954686617730096,
    "macro avg": {
      "precision": 0.9547914893959274,
      "recall": 0.9547672609212409,
      "f1-score": 0.9547763374751087,
      "support": 7084.0
    },
    "weighted avg": {
      "precision": 0.9546797015302073,
      "recall": 0.954686617730096,
      "f1-score": 0.9546800982970918,
      "support": 7084.0
    }
  },
  "confusion_matrix": [
    [
      1724,
      23,
      20,
      46
    ],
    [
      28,
      1717,
      8,
      34
    ],
    [
      18,
      11,
      1674,
      22
    ],
    [
      52,
      35,
      24,
      1648
    ]
  ],
  "embedding": {
    "encoder_name": "paraphrase-multilingual-MiniLM-L12-v2",
    "encoder_out": "app/modelColab/encoder_med"
  },
  "model_out": "app/modelColab/modelo_v2.pkl",
  "model": {
    "type": "LogisticRegression",
    "C": 2.0,
    "solver": "lbfgs",
    "multi_class": "multinomial",
    "max_iter": 1000
  },
  "prediction_policy": {
    "decision_threshold": 0.55,
    "definition": "A prediction is considered safe when the highest class probability is greater than or equal to the threshold.",
    "source": "MED_v2_embeddings.ipynb"
  },
  "training_signature": {
    "dataset_checksum": "95e863860217a618c5c36bee2cdff15b495ecaaf7301d2289377743a2a2e6aad",
    "script_checksum": "11f2e2901fb109097eb6acdd1b50ad2c02c3f5243f763641c9f2f87788fd7ee7",
    "encoder_name": "paraphrase-multilingual-MiniLM-L12-v2",
    "text_col": "text",
    "label_col": "emotion",
    "test_size": 0.2,
    "random_state": 42,
    "c": 2.0
  }
}