{
  "dataset_path": "datos/med_dataset_v8.csv",
  "rows_used": 35105,
  "train_rows": 28084,
  "test_rows": 7021,
  "test_size": 0.2,
  "random_state": 42,
  "accuracy": 0.9613,
  "decision_threshold": 0.55,
  "safe_predictions": 6792,
  "unsafe_predictions": 229,
  "labels": [
    "enojo",
    "feliz",
    "miedo",
    "triste"
  ],
  "classification_report": {
    "enojo": {
      "precision": 0.9536312849162011,
      "recall": 0.9541643376187814,
      "f1-score": 0.9538977367979883,
      "support": 1789.0
    },
    "feliz": {
      "precision": 0.9707865168539326,
      "recall": 0.9707865168539326,
      "f1-score": 0.9707865168539326,
      "support": 1780.0
    },
    "miedo": {
      "precision": 0.977725674091442,
      "recall": 0.972594752186589,
      "f1-score": 0.9751534638994446,
      "support": 1715.0
    },
    "triste": {
      "precision": 0.9432664756446991,
      "recall": 0.9476108232584917,
      "f1-score": 0.945433658816772,
      "support": 1737.0
    },
    "accuracy": 0.9612590799031477,
    "macro avg": {
      "precision": 0.9613524878765687,
      "recall": 0.9612891074794486,
      "f1-score": 0.9613178440920345,
      "support": 7021.0
    },
    "weighted avg": {
      "precision": 0.9613017758120993,
      "recall": 0.9612590799031477,
      "f1-score": 0.9612775255781059,
      "support": 7021.0
    }
  },
  "confusion_matrix": [
    [
      1707,
      15,
      24,
      43
    ],
    [
      16,
      1728,
      4,
      32
    ],
    [
      21,
      2,
      1668,
      24
    ],
    [
      46,
      35,
      10,
      1646
    ]
  ],
  "embedding": {
    "encoder_name": "paraphrase-multilingual-MiniLM-L12-v2",
    "encoder_out": "app/modelColab/encoder_med"
  },
  "model_out": "app/modelColab/modelo_v2.pkl",
  "model": {
    "type": "LogisticRegression",
    "C": 2.0,
    "solver": "lbfgs",
    "multi_class": "multinomial",
    "max_iter": 1000
  },
  "prediction_policy": {
    "decision_threshold": 0.55,
    "definition": "A prediction is considered safe when the highest class probability is greater than or equal to the threshold.",
    "source": "MED_v2_embeddings.ipynb"
  },
  "training_signature": {
    "dataset_checksum": "dc0ef1360ab70f0bc8a1c7ba36d35aba640a20786e922811ee66840b88c7e0d8",
    "script_checksum": "3f6e7fb92f7c61faf5420fdbe0187705d3c8a79bc5cbc55b934dcb0c4a874fe2",
    "encoder_name": "paraphrase-multilingual-MiniLM-L12-v2",
    "text_col": "text",
    "label_col": "emotion",
    "test_size": 0.2,
    "random_state": 42,
    "c": 2.0
  }
}