{
  "dataset_path": "D:\\OneDrive\\Juan\\Archivos\\Estudio\\Uninpahu\\Semestres\\Noveno Semestre\\Machine Learning & Deep Learning\\Proyecto\\MachineLearning-Back\\datos\\med_dataset_v8.csv",
  "rows_used": 35105,
  "duplicates_removed": 0,
  "train_rows": 28084,
  "test_rows": 7021,
  "test_size": 0.2,
  "random_state": 42,
  "tfidf": {
    "ngram_range": [
      1,
      2
    ],
    "min_df": 2,
    "max_df": 0.95,
    "max_features": 20000
  },
  "model": {
    "type": "LogisticRegression",
    "C": 2.0,
    "solver": "lbfgs",
    "class_weight": "balanced",
    "max_iter": 1000
  },
  "labels": [
    "enojo",
    "feliz",
    "miedo",
    "triste"
  ],
  "label_distribution_total": {
    "enojo": 8945,
    "feliz": 8902,
    "triste": 8684,
    "miedo": 8574
  },
  "label_distribution_train": {
    "enojo": 7156,
    "feliz": 7122,
    "triste": 6947,
    "miedo": 6859
  },
  "label_distribution_test": {
    "enojo": 1789,
    "feliz": 1780,
    "triste": 1737,
    "miedo": 1715
  },
  "train_test_text_overlap_count": 0,
  "accuracy": 0.999,
  "precision_weighted": 0.999,
  "recall_weighted": 0.999,
  "f1_weighted": 0.999,
  "classification_report": {
    "enojo": {
      "precision": 0.9972129319955407,
      "recall": 1.0,
      "f1-score": 0.9986045213508233,
      "support": 1789.0
    },
    "feliz": {
      "precision": 1.0,
      "recall": 0.999438202247191,
      "f1-score": 0.9997190221972464,
      "support": 1780.0
    },
    "miedo": {
      "precision": 0.9994165694282381,
      "recall": 0.9988338192419826,
      "f1-score": 0.9991251093613298,
      "support": 1715.0
    },
    "triste": {
      "precision": 0.9994232987312572,
      "recall": 0.9976971790443293,
      "f1-score": 0.9985594929415154,
      "support": 1737.0
    },
    "accuracy": 0.9990029910269193,
    "macro avg": {
      "precision": 0.999013200038759,
      "recall": 0.9989923001333757,
      "f1-score": 0.9990020364627288,
      "support": 7021.0
    },
    "weighted avg": {
      "precision": 0.9990046463189922,
      "recall": 0.9990029910269193,
      "f1-score": 0.9990030978495676,
      "support": 7021.0
    }
  },
  "confusion_matrix": [
    [
      1789,
      0,
      0,
      0
    ],
    [
      1,
      1779,
      0,
      0
    ],
    [
      1,
      0,
      1713,
      1
    ],
    [
      3,
      0,
      1,
      1733
    ]
  ],
  "cross_validation": {
    "folds": 5,
    "scoring": "f1_weighted",
    "mean": 0.9985,
    "std": 0.0005,
    "scores": [
      0.9993,
      0.9988,
      0.9982,
      0.9984,
      0.9977
    ]
  },
  "dataset_checksum": "dc0ef1360ab70f0bc8a1c7ba36d35aba640a20786e922811ee66840b88c7e0d8",
  "training_signature": {
    "dataset_checksum": "dc0ef1360ab70f0bc8a1c7ba36d35aba640a20786e922811ee66840b88c7e0d8",
    "script_checksum": "277f6333549f64aac67f8258ae8e2c9588cde41bdef6411c38dbc85d305db103",
    "text_col": "text",
    "label_col": "emotion",
    "test_size": 0.2,
    "random_state": 42,
    "min_df": 2,
    "max_features": 20000,
    "ngram_max": 2,
    "c": 2.0,
    "class_weight": "balanced",
    "cv_folds": 5,
    "augment_data": false,
    "augment_target_per_class": 1000
  },
  "augmentation": {
    "enabled": false,
    "target_per_class": 1000,
    "rows_added": 0
  }
}